File Name,Class
Normal_000001.mp4,0
Crash_000001.mp4,1
Normal_000002.mp4,0
Crash_000002.mp4,1
Normal_000003.mp4,0
Crash_000003.mp4,1
Normal_000004.mp4,0
Crash_000004.mp4,1
Normal_000005.mp4,0
Crash_000005.mp4,1
Normal_000006.mp4,0
Crash_000006.mp4,1
Normal_000007.mp4,0
Crash_000007.mp4,1
Normal_000008.mp4,0
Crash_000008.mp4,1
Normal_000009.mp4,0
Crash_000009.mp4,1
Normal_000010.mp4,0
Crash_000010.mp4,1
Normal_000011.mp4,0
Crash_000011.mp4,1
Normal_000012.mp4,0
Crash_000012.mp4,1
Normal_000013.mp4,0
Crash_000013.mp4,1
Normal_000014.mp4,0
Crash_000014.mp4,1
Normal_000015.mp4,0
Crash_000015.mp4,1
Normal_000016.mp4,0
Crash_000016.mp4,1
Normal_000017.mp4,0
Crash_000017.mp4,1
Normal_000018.mp4,0
Crash_000018.mp4,1
Normal_000019.mp4,0
Crash_000019.mp4,1
Normal_000020.mp4,0
Crash_000020.mp4,1
Normal_000021.mp4,0
Crash_000021.mp4,1
Normal_000022.mp4,0
Crash_000022.mp4,1
Normal_000023.mp4,0
Crash_000023.mp4,1
Normal_000024.mp4,0
Crash_000024.mp4,1
Normal_000025.mp4,0
Crash_000025.mp4,1
Normal_000026.mp4,0
Crash_000026.mp4,1
Normal_000027.mp4,0
Crash_000027.mp4,1
Normal_000028.mp4,0
Crash_000028.mp4,1
Normal_000029.mp4,0
Crash_000029.mp4,1
Normal_000030.mp4,0
Crash_000030.mp4,1
Normal_000031.mp4,0
Crash_000031.mp4,1
Normal_000032.mp4,0
Crash_000032.mp4,1
Normal_000033.mp4,0
Crash_000033.mp4,1
Normal_000034.mp4,0
Crash_000034.mp4,1
Normal_000035.mp4,0
Crash_000035.mp4,1
Normal_000036.mp4,0
Crash_000036.mp4,1
Normal_000037.mp4,0
Crash_000037.mp4,1
Normal_000038.mp4,0
Crash_000038.mp4,1
Normal_000039.mp4,0
Crash_000039.mp4,1
Normal_000040.mp4,0
Crash_000040.mp4,1
Normal_000041.mp4,0
Crash_000041.mp4,1
Normal_000042.mp4,0
Crash_000042.mp4,1
Normal_000043.mp4,0
Crash_000043.mp4,1
Normal_000044.mp4,0
Crash_000044.mp4,1
Normal_000045.mp4,0
Crash_000045.mp4,1
Normal_000046.mp4,0
Crash_000046.mp4,1
Normal_000047.mp4,0
Crash_000047.mp4,1
Normal_000048.mp4,0
Crash_000048.mp4,1
Normal_000049.mp4,0
Crash_000049.mp4,1
Normal_000050.mp4,0
Crash_000050.mp4,1
Normal_000051.mp4,0
Crash_000051.mp4,1
Normal_000052.mp4,0
Crash_000052.mp4,1
Normal_000053.mp4,0
Crash_000053.mp4,1
Normal_000054.mp4,0
Crash_000054.mp4,1
Normal_000055.mp4,0
Crash_000055.mp4,1
Normal_000056.mp4,0
Crash_000056.mp4,1
Normal_000057.mp4,0
Crash_000057.mp4,1
Normal_000058.mp4,0
Crash_000058.mp4,1
Normal_000059.mp4,0
Crash_000059.mp4,1
Normal_000060.mp4,0
Crash_000060.mp4,1
Normal_000061.mp4,0
Crash_000061.mp4,1
Normal_000062.mp4,0
Crash_000062.mp4,1
Normal_000063.mp4,0
Crash_000063.mp4,1
Normal_000064.mp4,0
Crash_000064.mp4,1
Normal_000065.mp4,0
Crash_000065.mp4,1
Normal_000066.mp4,0
Crash_000066.mp4,1
Normal_000067.mp4,0
Crash_000067.mp4,1
Normal_000068.mp4,0
Crash_000068.mp4,1
Normal_000069.mp4,0
Crash_000069.mp4,1
Normal_000070.mp4,0
Crash_000070.mp4,1
Normal_000071.mp4,0
Crash_000071.mp4,1
Normal_000072.mp4,0
Crash_000072.mp4,1
Normal_000073.mp4,0
Crash_000073.mp4,1
Normal_000074.mp4,0
Crash_000074.mp4,1
Normal_000075.mp4,0
Crash_000075.mp4,1
Normal_000076.mp4,0
Crash_000076.mp4,1
Normal_000077.mp4,0
Crash_000077.mp4,1
Normal_000078.mp4,0
Crash_000078.mp4,1
Normal_000079.mp4,0
Crash_000079.mp4,1
Normal_000080.mp4,0
Crash_000080.mp4,1
Normal_000081.mp4,0
Crash_000081.mp4,1
Normal_000082.mp4,0
Crash_000082.mp4,1
Normal_000083.mp4,0
Crash_000083.mp4,1
Normal_000084.mp4,0
Crash_000084.mp4,1
Normal_000085.mp4,0
Crash_000085.mp4,1
Normal_000086.mp4,0
Crash_000086.mp4,1
Normal_000087.mp4,0
Crash_000087.mp4,1
Normal_000088.mp4,0
Crash_000088.mp4,1
Normal_000089.mp4,0
Crash_000089.mp4,1
Normal_000090.mp4,0
Crash_000090.mp4,1
Normal_000091.mp4,0
Crash_000091.mp4,1
Normal_000092.mp4,0
Crash_000092.mp4,1
Normal_000093.mp4,0
Crash_000093.mp4,1
Normal_000094.mp4,0
Crash_000094.mp4,1
Normal_000095.mp4,0
Crash_000095.mp4,1
Normal_000096.mp4,0
Crash_000096.mp4,1
Normal_000097.mp4,0
Crash_000097.mp4,1
Normal_000098.mp4,0
Crash_000098.mp4,1
Normal_000099.mp4,0
Crash_000099.mp4,1
Normal_000100.mp4,0
Crash_000100.mp4,1
Normal_000101.mp4,0
Crash_000101.mp4,1
Normal_000102.mp4,0
Crash_000102.mp4,1
Normal_000103.mp4,0
Crash_000103.mp4,1
Normal_000104.mp4,0
Crash_000104.mp4,1
Normal_000105.mp4,0
Crash_000105.mp4,1
Normal_000106.mp4,0
Crash_000106.mp4,1
Normal_000107.mp4,0
Crash_000107.mp4,1
Normal_000108.mp4,0
Crash_000108.mp4,1
Normal_000109.mp4,0
Crash_000109.mp4,1
Normal_000110.mp4,0
Crash_000110.mp4,1
Normal_000111.mp4,0
Crash_000111.mp4,1
Normal_000112.mp4,0
Crash_000112.mp4,1
Normal_000113.mp4,0
Crash_000113.mp4,1
Normal_000114.mp4,0
Crash_000114.mp4,1
Normal_000115.mp4,0
Crash_000115.mp4,1
Normal_000116.mp4,0
Crash_000116.mp4,1
Normal_000117.mp4,0
Crash_000117.mp4,1
Normal_000118.mp4,0
Crash_000118.mp4,1
Normal_000119.mp4,0
Crash_000119.mp4,1
Normal_000120.mp4,0
Crash_000120.mp4,1
Normal_000121.mp4,0
Crash_000121.mp4,1
Normal_000122.mp4,0
Crash_000122.mp4,1
Normal_000123.mp4,0
Crash_000123.mp4,1
Normal_000124.mp4,0
Crash_000124.mp4,1
Normal_000125.mp4,0
Crash_000125.mp4,1
Normal_000126.mp4,0
Crash_000126.mp4,1
Normal_000127.mp4,0
Crash_000127.mp4,1
Normal_000128.mp4,0
Crash_000128.mp4,1
Normal_000129.mp4,0
Crash_000129.mp4,1
Normal_000130.mp4,0
Crash_000130.mp4,1
Normal_000131.mp4,0
Crash_000131.mp4,1
Normal_000132.mp4,0
Crash_000132.mp4,1
Normal_000133.mp4,0
Crash_000133.mp4,1
Normal_000134.mp4,0
Crash_000134.mp4,1
Normal_000135.mp4,0
Crash_000135.mp4,1
Normal_000136.mp4,0
Crash_000136.mp4,1
Normal_000137.mp4,0
Crash_000137.mp4,1
Normal_000138.mp4,0
Crash_000138.mp4,1
Normal_000139.mp4,0
Crash_000139.mp4,1
Normal_000140.mp4,0
Crash_000140.mp4,1
Normal_000141.mp4,0
Crash_000141.mp4,1
Normal_000142.mp4,0
Crash_000142.mp4,1
Normal_000143.mp4,0
Crash_000143.mp4,1
Normal_000144.mp4,0
Crash_000144.mp4,1
Normal_000145.mp4,0
Crash_000145.mp4,1
Normal_000146.mp4,0
Crash_000146.mp4,1
Normal_000147.mp4,0
Crash_000147.mp4,1
Normal_000148.mp4,0
Crash_000148.mp4,1
Normal_000149.mp4,0
Crash_000149.mp4,1
Normal_000150.mp4,0
Crash_000150.mp4,1
Normal_000151.mp4,0
Crash_000151.mp4,1
Normal_000152.mp4,0
Crash_000152.mp4,1
Normal_000153.mp4,0
Crash_000153.mp4,1
Normal_000154.mp4,0
Crash_000154.mp4,1
Normal_000155.mp4,0
Crash_000155.mp4,1
Normal_000156.mp4,0
Crash_000156.mp4,1
Normal_000157.mp4,0
Crash_000157.mp4,1
Normal_000158.mp4,0
Crash_000158.mp4,1
Normal_000159.mp4,0
Crash_000159.mp4,1
Normal_000160.mp4,0
Crash_000160.mp4,1
Normal_000161.mp4,0
Crash_000161.mp4,1
Normal_000162.mp4,0
Crash_000162.mp4,1
Normal_000163.mp4,0
Crash_000163.mp4,1
Normal_000164.mp4,0
Crash_000164.mp4,1
Normal_000165.mp4,0
Crash_000165.mp4,1
Normal_000166.mp4,0
Crash_000166.mp4,1
Normal_000167.mp4,0
Crash_000167.mp4,1
Normal_000168.mp4,0
Crash_000168.mp4,1
Normal_000169.mp4,0
Crash_000169.mp4,1
Normal_000170.mp4,0
Crash_000170.mp4,1
Normal_000171.mp4,0
Crash_000171.mp4,1
Normal_000172.mp4,0
Crash_000172.mp4,1
Normal_000173.mp4,0
Crash_000173.mp4,1
Normal_000174.mp4,0
Crash_000174.mp4,1
Normal_000175.mp4,0
Crash_000175.mp4,1
Normal_000176.mp4,0
Crash_000176.mp4,1
Normal_000177.mp4,0
Crash_000177.mp4,1
Normal_000178.mp4,0
Crash_000178.mp4,1
Normal_000179.mp4,0
Crash_000179.mp4,1
Normal_000180.mp4,0
Crash_000180.mp4,1
Normal_000181.mp4,0
Crash_000181.mp4,1
Normal_000182.mp4,0
Crash_000182.mp4,1
Normal_000183.mp4,0
Crash_000183.mp4,1
Normal_000184.mp4,0
Crash_000184.mp4,1
Normal_000185.mp4,0
Crash_000185.mp4,1
Normal_000186.mp4,0
Crash_000186.mp4,1
Normal_000187.mp4,0
Crash_000187.mp4,1
Normal_000188.mp4,0
Crash_000188.mp4,1
Normal_000189.mp4,0
Crash_000189.mp4,1
Normal_000190.mp4,0
Crash_000190.mp4,1
Normal_000191.mp4,0
Crash_000191.mp4,1
Normal_000192.mp4,0
Crash_000192.mp4,1
Normal_000193.mp4,0
Crash_000193.mp4,1
Normal_000194.mp4,0
Crash_000194.mp4,1
Normal_000195.mp4,0
Crash_000195.mp4,1
Normal_000196.mp4,0
Crash_000196.mp4,1
Normal_000197.mp4,0
Crash_000197.mp4,1
Normal_000198.mp4,0
Crash_000198.mp4,1
Normal_000199.mp4,0
Crash_000199.mp4,1
Normal_000200.mp4,0
Crash_000200.mp4,1
Normal_000201.mp4,0
Crash_000201.mp4,1
Normal_000202.mp4,0
Crash_000202.mp4,1
Normal_000203.mp4,0
Crash_000203.mp4,1
Normal_000204.mp4,0
Crash_000204.mp4,1
Normal_000205.mp4,0
Crash_000205.mp4,1
Normal_000206.mp4,0
Crash_000206.mp4,1
Normal_000207.mp4,0
Crash_000207.mp4,1
Normal_000208.mp4,0
Crash_000208.mp4,1
Normal_000209.mp4,0
Crash_000209.mp4,1
Normal_000210.mp4,0
Crash_000210.mp4,1
Normal_000211.mp4,0
Crash_000211.mp4,1
Normal_000212.mp4,0
Crash_000212.mp4,1
Normal_000213.mp4,0
Crash_000213.mp4,1
Normal_000214.mp4,0
Crash_000214.mp4,1
Normal_000215.mp4,0
Crash_000215.mp4,1
Normal_000216.mp4,0
Crash_000216.mp4,1
Normal_000217.mp4,0
Crash_000217.mp4,1
Normal_000218.mp4,0
Crash_000218.mp4,1
Normal_000219.mp4,0
Crash_000219.mp4,1
Normal_000220.mp4,0
Crash_000220.mp4,1
Normal_000221.mp4,0
Crash_000221.mp4,1
Normal_000222.mp4,0
Crash_000222.mp4,1
Normal_000223.mp4,0
Crash_000223.mp4,1
Normal_000224.mp4,0
Crash_000224.mp4,1
Normal_000225.mp4,0
Crash_000225.mp4,1
Normal_000226.mp4,0
Crash_000226.mp4,1
Normal_000227.mp4,0
Crash_000227.mp4,1
Normal_000228.mp4,0
Crash_000228.mp4,1
Normal_000229.mp4,0
Crash_000229.mp4,1
Normal_000230.mp4,0
Crash_000230.mp4,1
Normal_000231.mp4,0
Crash_000231.mp4,1
Normal_000232.mp4,0
Crash_000232.mp4,1
Normal_000233.mp4,0
Crash_000233.mp4,1
Normal_000234.mp4,0
Crash_000234.mp4,1
Normal_000235.mp4,0
Crash_000235.mp4,1
Normal_000236.mp4,0
Crash_000236.mp4,1
Normal_000237.mp4,0
Crash_000237.mp4,1
Normal_000238.mp4,0
Crash_000238.mp4,1
Normal_000239.mp4,0
Crash_000239.mp4,1
Normal_000240.mp4,0
Crash_000240.mp4,1
Normal_000241.mp4,0
Crash_000241.mp4,1
Normal_000242.mp4,0
Crash_000242.mp4,1
Normal_000243.mp4,0
Crash_000243.mp4,1
Normal_000244.mp4,0
Crash_000244.mp4,1
Normal_000245.mp4,0
Crash_000245.mp4,1
Normal_000246.mp4,0
Crash_000246.mp4,1
Normal_000247.mp4,0
Crash_000247.mp4,1
Normal_000248.mp4,0
Crash_000248.mp4,1
Normal_000249.mp4,0
Crash_000249.mp4,1
Normal_000250.mp4,0
Crash_000250.mp4,1
Normal_000251.mp4,0
Crash_000251.mp4,1
Normal_000252.mp4,0
Crash_000252.mp4,1
Normal_000253.mp4,0
Crash_000253.mp4,1
Normal_000254.mp4,0
Crash_000254.mp4,1
Normal_000255.mp4,0
Crash_000255.mp4,1
Normal_000256.mp4,0
Crash_000256.mp4,1
Normal_000257.mp4,0
Crash_000257.mp4,1
Normal_000258.mp4,0
Crash_000258.mp4,1
Normal_000259.mp4,0
Crash_000259.mp4,1
Normal_000260.mp4,0
Crash_000260.mp4,1
Normal_000261.mp4,0
Crash_000261.mp4,1
Normal_000262.mp4,0
Crash_000262.mp4,1
Normal_000263.mp4,0
Crash_000263.mp4,1
Normal_000264.mp4,0
Crash_000264.mp4,1
Normal_000265.mp4,0
Crash_000265.mp4,1
Normal_000266.mp4,0
Crash_000266.mp4,1
Normal_000267.mp4,0
Crash_000267.mp4,1
Normal_000268.mp4,0
Crash_000268.mp4,1
Normal_000269.mp4,0
Crash_000269.mp4,1
Normal_000270.mp4,0
Crash_000270.mp4,1
Normal_000271.mp4,0
Crash_000271.mp4,1
Normal_000272.mp4,0
Crash_000272.mp4,1
Normal_000273.mp4,0
Crash_000273.mp4,1
Normal_000274.mp4,0
Crash_000274.mp4,1
Normal_000275.mp4,0
Crash_000275.mp4,1
Normal_000276.mp4,0
Crash_000276.mp4,1
Normal_000277.mp4,0
Crash_000277.mp4,1
Normal_000278.mp4,0
Crash_000278.mp4,1
Normal_000279.mp4,0
Crash_000279.mp4,1
Normal_000280.mp4,0
Crash_000280.mp4,1
Normal_000281.mp4,0
Crash_000281.mp4,1
Normal_000282.mp4,0
Crash_000282.mp4,1
Normal_000283.mp4,0
Crash_000283.mp4,1
Normal_000284.mp4,0
Crash_000284.mp4,1
Normal_000285.mp4,0
Crash_000285.mp4,1
Normal_000286.mp4,0
Crash_000286.mp4,1
Normal_000287.mp4,0
Crash_000287.mp4,1
Normal_000288.mp4,0
Crash_000288.mp4,1
Normal_000289.mp4,0
Crash_000289.mp4,1
Normal_000290.mp4,0
Crash_000290.mp4,1
Normal_000291.mp4,0
Crash_000291.mp4,1
Normal_000292.mp4,0
Crash_000292.mp4,1
Normal_000293.mp4,0
Crash_000293.mp4,1
Normal_000294.mp4,0
Crash_000294.mp4,1
Normal_000295.mp4,0
Crash_000295.mp4,1
Normal_000296.mp4,0
Crash_000296.mp4,1
Normal_000297.mp4,0
Crash_000297.mp4,1
Normal_000298.mp4,0
Crash_000298.mp4,1
Normal_000299.mp4,0
Crash_000299.mp4,1
Normal_000300.mp4,0
Crash_000300.mp4,1
Normal_000301.mp4,0
Crash_000301.mp4,1
Normal_000302.mp4,0
Crash_000302.mp4,1
Normal_000303.mp4,0
Crash_000303.mp4,1
Normal_000304.mp4,0
Crash_000304.mp4,1
Normal_000305.mp4,0
Crash_000305.mp4,1
Normal_000306.mp4,0
Crash_000306.mp4,1
Normal_000307.mp4,0
Crash_000307.mp4,1
Normal_000308.mp4,0
Crash_000308.mp4,1
Normal_000309.mp4,0
Crash_000309.mp4,1
Normal_000310.mp4,0
Crash_000310.mp4,1
Normal_000311.mp4,0
Crash_000311.mp4,1
Normal_000312.mp4,0
Crash_000312.mp4,1
Normal_000313.mp4,0
Crash_000313.mp4,1
Normal_000314.mp4,0
Crash_000314.mp4,1
Normal_000315.mp4,0
Crash_000315.mp4,1
Normal_000316.mp4,0
Crash_000316.mp4,1
Normal_000317.mp4,0
Crash_000317.mp4,1
Normal_000318.mp4,0
Crash_000318.mp4,1
Normal_000319.mp4,0
Crash_000319.mp4,1
Normal_000320.mp4,0
Crash_000320.mp4,1
Normal_000321.mp4,0
Crash_000321.mp4,1
Normal_000322.mp4,0
Crash_000322.mp4,1
Normal_000323.mp4,0
Crash_000323.mp4,1
Normal_000324.mp4,0
Crash_000324.mp4,1
Normal_000325.mp4,0
Crash_000325.mp4,1
Normal_000326.mp4,0
Crash_000326.mp4,1
Normal_000327.mp4,0
Crash_000327.mp4,1
Normal_000328.mp4,0
Crash_000328.mp4,1
Normal_000329.mp4,0
Crash_000329.mp4,1
Normal_000330.mp4,0
Crash_000330.mp4,1
Normal_000331.mp4,0
Crash_000331.mp4,1
Normal_000332.mp4,0
Crash_000332.mp4,1
Normal_000333.mp4,0
Crash_000333.mp4,1
Normal_000334.mp4,0
Crash_000334.mp4,1
Normal_000335.mp4,0
Crash_000335.mp4,1
Normal_000336.mp4,0
Crash_000336.mp4,1
Normal_000337.mp4,0
Crash_000337.mp4,1
Normal_000338.mp4,0
Crash_000338.mp4,1
Normal_000339.mp4,0
Crash_000339.mp4,1
Normal_000340.mp4,0
Crash_000340.mp4,1
Normal_000341.mp4,0
Crash_000341.mp4,1
Normal_000342.mp4,0
Crash_000342.mp4,1
Normal_000343.mp4,0
Crash_000343.mp4,1
Normal_000344.mp4,0
Crash_000344.mp4,1
Normal_000345.mp4,0
Crash_000345.mp4,1
Normal_000346.mp4,0
Crash_000346.mp4,1
Normal_000347.mp4,0
Crash_000347.mp4,1
Normal_000348.mp4,0
Crash_000348.mp4,1
Normal_000349.mp4,0
Crash_000349.mp4,1
Normal_000350.mp4,0
Crash_000350.mp4,1
Normal_000351.mp4,0
Crash_000351.mp4,1
Normal_000352.mp4,0
Crash_000352.mp4,1
Normal_000353.mp4,0
Crash_000353.mp4,1
Normal_000354.mp4,0
Crash_000354.mp4,1
Normal_000355.mp4,0
Crash_000355.mp4,1
Normal_000356.mp4,0
Crash_000356.mp4,1
Normal_000357.mp4,0
Crash_000357.mp4,1
Normal_000358.mp4,0
Crash_000358.mp4,1
Normal_000359.mp4,0
Crash_000359.mp4,1
Normal_000360.mp4,0
Crash_000360.mp4,1
Normal_000361.mp4,0
Crash_000361.mp4,1
Normal_000362.mp4,0
Crash_000362.mp4,1
Normal_000363.mp4,0
Crash_000363.mp4,1
Normal_000364.mp4,0
Crash_000364.mp4,1
Normal_000365.mp4,0
Crash_000365.mp4,1
Normal_000366.mp4,0
Crash_000366.mp4,1
Normal_000367.mp4,0
Crash_000367.mp4,1
Normal_000368.mp4,0
Crash_000368.mp4,1
Normal_000369.mp4,0
Crash_000369.mp4,1
Normal_000370.mp4,0
Crash_000370.mp4,1
Normal_000371.mp4,0
Crash_000371.mp4,1
Normal_000372.mp4,0
Crash_000372.mp4,1
Normal_000373.mp4,0
Crash_000373.mp4,1
Normal_000374.mp4,0
Crash_000374.mp4,1
Normal_000375.mp4,0
Crash_000375.mp4,1
Normal_000376.mp4,0
Crash_000376.mp4,1
Normal_000377.mp4,0
Crash_000377.mp4,1
Normal_000378.mp4,0
Crash_000378.mp4,1
Normal_000379.mp4,0
Crash_000379.mp4,1
Normal_000380.mp4,0
Crash_000380.mp4,1
Normal_000381.mp4,0
Crash_000381.mp4,1
Normal_000382.mp4,0
Crash_000382.mp4,1
Normal_000383.mp4,0
Crash_000383.mp4,1
Normal_000384.mp4,0
Crash_000384.mp4,1
Normal_000385.mp4,0
Crash_000385.mp4,1
Normal_000386.mp4,0
Crash_000386.mp4,1
Normal_000387.mp4,0
Crash_000387.mp4,1
Normal_000388.mp4,0
Crash_000388.mp4,1
Normal_000389.mp4,0
Crash_000389.mp4,1
Normal_000390.mp4,0
Crash_000390.mp4,1
Normal_000391.mp4,0
Crash_000391.mp4,1
Normal_000392.mp4,0
Crash_000392.mp4,1
Normal_000393.mp4,0
Crash_000393.mp4,1
Normal_000394.mp4,0
Crash_000394.mp4,1
Normal_000395.mp4,0
Crash_000395.mp4,1
Normal_000396.mp4,0
Crash_000396.mp4,1
Normal_000397.mp4,0
Crash_000397.mp4,1
Normal_000398.mp4,0
Crash_000398.mp4,1
Normal_000399.mp4,0
Crash_000399.mp4,1
Normal_000400.mp4,0
Crash_000400.mp4,1
Normal_000401.mp4,0
Crash_000401.mp4,1
Normal_000402.mp4,0
Crash_000402.mp4,1
Normal_000403.mp4,0
Crash_000403.mp4,1
Normal_000404.mp4,0
Crash_000404.mp4,1
Normal_000405.mp4,0
Crash_000405.mp4,1
Normal_000406.mp4,0
Crash_000406.mp4,1
Normal_000407.mp4,0
Crash_000407.mp4,1
Normal_000408.mp4,0
Crash_000408.mp4,1
Normal_000409.mp4,0
Crash_000409.mp4,1
Normal_000410.mp4,0
Crash_000410.mp4,1
Normal_000411.mp4,0
Crash_000411.mp4,1
Normal_000412.mp4,0
Crash_000412.mp4,1
Normal_000413.mp4,0
Crash_000413.mp4,1
Normal_000414.mp4,0
Crash_000414.mp4,1
Normal_000415.mp4,0
Crash_000415.mp4,1
Normal_000416.mp4,0
Crash_000416.mp4,1
Normal_000417.mp4,0
Crash_000417.mp4,1
Normal_000418.mp4,0
Crash_000418.mp4,1
Normal_000419.mp4,0
Crash_000419.mp4,1
Normal_000420.mp4,0
Crash_000420.mp4,1
Normal_000421.mp4,0
Crash_000421.mp4,1
Normal_000422.mp4,0
Crash_000422.mp4,1
Normal_000423.mp4,0
Crash_000423.mp4,1
Normal_000424.mp4,0
Crash_000424.mp4,1
Normal_000425.mp4,0
Crash_000425.mp4,1
Normal_000426.mp4,0
Crash_000426.mp4,1
Normal_000427.mp4,0
Crash_000427.mp4,1
Normal_000428.mp4,0
Crash_000428.mp4,1
Normal_000429.mp4,0
Crash_000429.mp4,1
Normal_000430.mp4,0
Crash_000430.mp4,1
Normal_000431.mp4,0
Crash_000431.mp4,1
Normal_000432.mp4,0
Crash_000432.mp4,1
Normal_000433.mp4,0
Crash_000433.mp4,1
Normal_000434.mp4,0
Crash_000434.mp4,1
Normal_000435.mp4,0
Crash_000435.mp4,1
Normal_000436.mp4,0
Crash_000436.mp4,1
Normal_000437.mp4,0
Crash_000437.mp4,1
Normal_000438.mp4,0
Crash_000438.mp4,1
Normal_000439.mp4,0
Crash_000439.mp4,1
Normal_000440.mp4,0
Crash_000440.mp4,1
Normal_000441.mp4,0
Crash_000441.mp4,1
Normal_000442.mp4,0
Crash_000442.mp4,1
Normal_000443.mp4,0
Crash_000443.mp4,1
Normal_000444.mp4,0
Crash_000444.mp4,1
Normal_000445.mp4,0
Crash_000445.mp4,1
Normal_000446.mp4,0
Crash_000446.mp4,1
Normal_000447.mp4,0
Crash_000447.mp4,1
Normal_000448.mp4,0
Crash_000448.mp4,1
Normal_000449.mp4,0
Crash_000449.mp4,1
Normal_000450.mp4,0
Crash_000450.mp4,1
Normal_000451.mp4,0
Crash_000451.mp4,1
Normal_000452.mp4,0
Crash_000452.mp4,1
Normal_000453.mp4,0
Crash_000453.mp4,1
Normal_000454.mp4,0
Crash_000454.mp4,1
Normal_000455.mp4,0
Crash_000455.mp4,1
Normal_000456.mp4,0
Crash_000456.mp4,1
Normal_000457.mp4,0
Crash_000457.mp4,1
Normal_000458.mp4,0
Crash_000458.mp4,1
Normal_000459.mp4,0
Crash_000459.mp4,1
Normal_000460.mp4,0
Crash_000460.mp4,1
Normal_000461.mp4,0
Crash_000461.mp4,1
Normal_000462.mp4,0
Crash_000462.mp4,1
Normal_000463.mp4,0
Crash_000463.mp4,1
Normal_000464.mp4,0
Crash_000464.mp4,1
Normal_000465.mp4,0
Crash_000465.mp4,1
Normal_000466.mp4,0
Crash_000466.mp4,1
Normal_000467.mp4,0
Crash_000467.mp4,1
Normal_000468.mp4,0
Crash_000468.mp4,1
Normal_000469.mp4,0
Crash_000469.mp4,1
Normal_000470.mp4,0
Crash_000470.mp4,1
Normal_000471.mp4,0
Crash_000471.mp4,1
Normal_000472.mp4,0
Crash_000472.mp4,1
Normal_000473.mp4,0
Crash_000473.mp4,1
Normal_000474.mp4,0
Crash_000474.mp4,1
Normal_000475.mp4,0
Crash_000475.mp4,1
Normal_000476.mp4,0
Crash_000476.mp4,1
Normal_000477.mp4,0
Crash_000477.mp4,1
Normal_000478.mp4,0
Crash_000478.mp4,1
Normal_000479.mp4,0
Crash_000479.mp4,1
Normal_000480.mp4,0
Crash_000480.mp4,1
Normal_000481.mp4,0
Crash_000481.mp4,1
Normal_000482.mp4,0
Crash_000482.mp4,1
Normal_000483.mp4,0
Crash_000483.mp4,1
Normal_000484.mp4,0
Crash_000484.mp4,1
Normal_000485.mp4,0
Crash_000485.mp4,1
Normal_000486.mp4,0
Crash_000486.mp4,1
Normal_000487.mp4,0
Crash_000487.mp4,1
Normal_000488.mp4,0
Crash_000488.mp4,1
Normal_000489.mp4,0
Crash_000489.mp4,1
Normal_000490.mp4,0
Crash_000490.mp4,1
Normal_000491.mp4,0
Crash_000491.mp4,1
Normal_000492.mp4,0
Crash_000492.mp4,1
Normal_000493.mp4,0
Crash_000493.mp4,1
Normal_000494.mp4,0
Crash_000494.mp4,1
Normal_000495.mp4,0
Crash_000495.mp4,1
Normal_000496.mp4,0
Crash_000496.mp4,1
Normal_000497.mp4,0
Crash_000497.mp4,1
Normal_000498.mp4,0
Crash_000498.mp4,1
Normal_000499.mp4,0
Crash_000499.mp4,1
Normal_000500.mp4,0
Crash_000500.mp4,1
Normal_000501.mp4,0
Crash_000501.mp4,1
Normal_000502.mp4,0
Crash_000502.mp4,1
Normal_000503.mp4,0
Crash_000503.mp4,1
Normal_000504.mp4,0
Crash_000504.mp4,1
Normal_000505.mp4,0
Crash_000505.mp4,1
Normal_000506.mp4,0
Crash_000506.mp4,1
Normal_000507.mp4,0
Crash_000507.mp4,1
Normal_000508.mp4,0
Crash_000508.mp4,1
Normal_000509.mp4,0
Crash_000509.mp4,1
Normal_000510.mp4,0
Crash_000510.mp4,1
Normal_000511.mp4,0
Crash_000511.mp4,1
Normal_000512.mp4,0
Crash_000512.mp4,1
Normal_000513.mp4,0
Crash_000513.mp4,1
Normal_000514.mp4,0
Crash_000514.mp4,1
Normal_000515.mp4,0
Crash_000515.mp4,1
Normal_000516.mp4,0
Crash_000516.mp4,1
Normal_000517.mp4,0
Crash_000517.mp4,1
Normal_000518.mp4,0
Crash_000518.mp4,1
Normal_000519.mp4,0
Crash_000519.mp4,1
Normal_000520.mp4,0
Crash_000520.mp4,1
Normal_000521.mp4,0
Crash_000521.mp4,1
Normal_000522.mp4,0
Crash_000522.mp4,1
Normal_000523.mp4,0
Crash_000523.mp4,1
Normal_000524.mp4,0
Crash_000524.mp4,1
Normal_000525.mp4,0
Crash_000525.mp4,1
Normal_000526.mp4,0
Crash_000526.mp4,1
Normal_000527.mp4,0
Crash_000527.mp4,1
Normal_000528.mp4,0
Crash_000528.mp4,1
Normal_000529.mp4,0
Crash_000529.mp4,1
Normal_000530.mp4,0
Crash_000530.mp4,1
Normal_000531.mp4,0
Crash_000531.mp4,1
Normal_000532.mp4,0
Crash_000532.mp4,1
Normal_000533.mp4,0
Crash_000533.mp4,1
Normal_000534.mp4,0
Crash_000534.mp4,1
Normal_000535.mp4,0
Crash_000535.mp4,1
Normal_000536.mp4,0
Crash_000536.mp4,1
Normal_000537.mp4,0
Crash_000537.mp4,1
Normal_000538.mp4,0
Crash_000538.mp4,1
Normal_000539.mp4,0
Crash_000539.mp4,1
Normal_000540.mp4,0
Crash_000540.mp4,1
Normal_000541.mp4,0
Crash_000541.mp4,1
Normal_000542.mp4,0
Crash_000542.mp4,1
Normal_000543.mp4,0
Crash_000543.mp4,1
Normal_000544.mp4,0
Crash_000544.mp4,1
Normal_000545.mp4,0
Crash_000545.mp4,1
Normal_000546.mp4,0
Crash_000546.mp4,1
Normal_000547.mp4,0
Crash_000547.mp4,1
Normal_000548.mp4,0
Crash_000548.mp4,1
Normal_000549.mp4,0
Crash_000549.mp4,1
Normal_000550.mp4,0
Crash_000550.mp4,1
Normal_000551.mp4,0
Crash_000551.mp4,1
Normal_000552.mp4,0
Crash_000552.mp4,1
Normal_000553.mp4,0
Crash_000553.mp4,1
Normal_000554.mp4,0
Crash_000554.mp4,1
Normal_000555.mp4,0
Crash_000555.mp4,1
Normal_000556.mp4,0
Crash_000556.mp4,1
Normal_000557.mp4,0
Crash_000557.mp4,1
Normal_000558.mp4,0
Crash_000558.mp4,1
Normal_000559.mp4,0
Crash_000559.mp4,1
Normal_000560.mp4,0
Crash_000560.mp4,1
Normal_000561.mp4,0
Crash_000561.mp4,1
Normal_000562.mp4,0
Crash_000562.mp4,1
Normal_000563.mp4,0
Crash_000563.mp4,1
Normal_000564.mp4,0
Crash_000564.mp4,1
Normal_000565.mp4,0
Crash_000565.mp4,1
Normal_000566.mp4,0
Crash_000566.mp4,1
Normal_000567.mp4,0
Crash_000567.mp4,1
Normal_000568.mp4,0
Crash_000568.mp4,1
Normal_000569.mp4,0
Crash_000569.mp4,1
Normal_000570.mp4,0
Crash_000570.mp4,1
Normal_000571.mp4,0
Crash_000571.mp4,1
Normal_000572.mp4,0
Crash_000572.mp4,1
Normal_000573.mp4,0
Crash_000573.mp4,1
Normal_000574.mp4,0
Crash_000574.mp4,1
Normal_000575.mp4,0
Crash_000575.mp4,1
Normal_000576.mp4,0
Crash_000576.mp4,1
Normal_000577.mp4,0
Crash_000577.mp4,1
Normal_000578.mp4,0
Crash_000578.mp4,1
Normal_000579.mp4,0
Crash_000579.mp4,1
Normal_000580.mp4,0
Crash_000580.mp4,1
Normal_000581.mp4,0
Crash_000581.mp4,1
Normal_000582.mp4,0
Crash_000582.mp4,1
Normal_000583.mp4,0
Crash_000583.mp4,1
Normal_000584.mp4,0
Crash_000584.mp4,1
Normal_000585.mp4,0
Crash_000585.mp4,1
Normal_000586.mp4,0
Crash_000586.mp4,1
Normal_000587.mp4,0
Crash_000587.mp4,1
Normal_000588.mp4,0
Crash_000588.mp4,1
Normal_000589.mp4,0
Crash_000589.mp4,1
Normal_000590.mp4,0
Crash_000590.mp4,1
Normal_000591.mp4,0
Crash_000591.mp4,1
Normal_000592.mp4,0
Crash_000592.mp4,1
Normal_000593.mp4,0
Crash_000593.mp4,1
Normal_000594.mp4,0
Crash_000594.mp4,1
Normal_000595.mp4,0
Crash_000595.mp4,1
Normal_000596.mp4,0
Crash_000596.mp4,1
Normal_000597.mp4,0
Crash_000597.mp4,1
Normal_000598.mp4,0
Crash_000598.mp4,1
Normal_000599.mp4,0
Crash_000599.mp4,1
Normal_000600.mp4,0
Crash_000600.mp4,1
Normal_000601.mp4,0
Crash_000601.mp4,1
Normal_000602.mp4,0
Crash_000602.mp4,1
Normal_000603.mp4,0
Crash_000603.mp4,1
Normal_000604.mp4,0
Crash_000604.mp4,1
Normal_000605.mp4,0
Crash_000605.mp4,1
Normal_000606.mp4,0
Crash_000606.mp4,1
Normal_000607.mp4,0
Crash_000607.mp4,1
Normal_000608.mp4,0
Crash_000608.mp4,1
Normal_000609.mp4,0
Crash_000609.mp4,1
Normal_000610.mp4,0
Crash_000610.mp4,1
Normal_000611.mp4,0
Crash_000611.mp4,1
Normal_000612.mp4,0
Crash_000612.mp4,1
Normal_000613.mp4,0
Crash_000613.mp4,1
Normal_000614.mp4,0
Crash_000614.mp4,1
Normal_000615.mp4,0
Crash_000615.mp4,1
Normal_000616.mp4,0
Crash_000616.mp4,1
Normal_000617.mp4,0
Crash_000617.mp4,1
Normal_000618.mp4,0
Crash_000618.mp4,1
Normal_000619.mp4,0
Crash_000619.mp4,1
Normal_000620.mp4,0
Crash_000620.mp4,1
Normal_000621.mp4,0
Crash_000621.mp4,1
Normal_000622.mp4,0
Crash_000622.mp4,1
Normal_000623.mp4,0
Crash_000623.mp4,1
Normal_000624.mp4,0
Crash_000624.mp4,1
Normal_000625.mp4,0
Crash_000625.mp4,1
Normal_000626.mp4,0
Crash_000626.mp4,1
Normal_000627.mp4,0
Crash_000627.mp4,1
Normal_000628.mp4,0
Crash_000628.mp4,1
Normal_000629.mp4,0
Crash_000629.mp4,1
Normal_000630.mp4,0
Crash_000630.mp4,1
Normal_000631.mp4,0
Crash_000631.mp4,1
Normal_000632.mp4,0
Crash_000632.mp4,1
Normal_000633.mp4,0
Crash_000633.mp4,1
Normal_000634.mp4,0
Crash_000634.mp4,1
Normal_000635.mp4,0
Crash_000635.mp4,1
Normal_000636.mp4,0
Crash_000636.mp4,1
Normal_000637.mp4,0
Crash_000637.mp4,1
Normal_000638.mp4,0
Crash_000638.mp4,1
Normal_000639.mp4,0
Crash_000639.mp4,1
Normal_000640.mp4,0
Crash_000640.mp4,1
Normal_000641.mp4,0
Crash_000641.mp4,1
Normal_000642.mp4,0
Crash_000642.mp4,1
Normal_000643.mp4,0
Crash_000643.mp4,1
Normal_000644.mp4,0
Crash_000644.mp4,1
Normal_000645.mp4,0
Crash_000645.mp4,1
Normal_000646.mp4,0
Crash_000646.mp4,1
Normal_000647.mp4,0
Crash_000647.mp4,1
Normal_000648.mp4,0
Crash_000648.mp4,1
Normal_000649.mp4,0
Crash_000649.mp4,1
Normal_000650.mp4,0
Crash_000650.mp4,1
Normal_000651.mp4,0
Crash_000651.mp4,1
Normal_000652.mp4,0
Crash_000652.mp4,1
Normal_000653.mp4,0
Crash_000653.mp4,1
Normal_000654.mp4,0
Crash_000654.mp4,1
Normal_000655.mp4,0
Crash_000655.mp4,1
Normal_000656.mp4,0
Crash_000656.mp4,1
Normal_000657.mp4,0
Crash_000657.mp4,1
Normal_000658.mp4,0
Crash_000658.mp4,1
Normal_000659.mp4,0
Crash_000659.mp4,1
Normal_000660.mp4,0
Crash_000660.mp4,1
Normal_000661.mp4,0
Crash_000661.mp4,1
Normal_000662.mp4,0
Crash_000662.mp4,1
Normal_000663.mp4,0
Crash_000663.mp4,1
Normal_000664.mp4,0
Crash_000664.mp4,1
Normal_000665.mp4,0
Crash_000665.mp4,1
Normal_000666.mp4,0
Crash_000666.mp4,1
Normal_000667.mp4,0
Crash_000667.mp4,1
Normal_000668.mp4,0
Crash_000668.mp4,1
Normal_000669.mp4,0
Crash_000669.mp4,1
Normal_000670.mp4,0
Crash_000670.mp4,1
Normal_000671.mp4,0
Crash_000671.mp4,1
Normal_000672.mp4,0
Crash_000672.mp4,1
Normal_000673.mp4,0
Crash_000673.mp4,1
Normal_000674.mp4,0
Crash_000674.mp4,1
Normal_000675.mp4,0
Crash_000675.mp4,1
Normal_000676.mp4,0
Crash_000676.mp4,1
Normal_000677.mp4,0
Crash_000677.mp4,1
Normal_000678.mp4,0
Crash_000678.mp4,1
Normal_000679.mp4,0
Crash_000679.mp4,1
Normal_000680.mp4,0
Crash_000680.mp4,1
Normal_000681.mp4,0
Crash_000681.mp4,1
Normal_000682.mp4,0
Crash_000682.mp4,1
Normal_000683.mp4,0
Crash_000683.mp4,1
Normal_000684.mp4,0
Crash_000684.mp4,1
Normal_000685.mp4,0
Crash_000685.mp4,1
Normal_000686.mp4,0
Crash_000686.mp4,1
Normal_000687.mp4,0
Crash_000687.mp4,1
Normal_000688.mp4,0
Crash_000688.mp4,1
Normal_000689.mp4,0
Crash_000689.mp4,1
Normal_000690.mp4,0
Crash_000690.mp4,1
Normal_000691.mp4,0
Crash_000691.mp4,1
Normal_000692.mp4,0
Crash_000692.mp4,1
Normal_000693.mp4,0
Crash_000693.mp4,1
Normal_000694.mp4,0
Crash_000694.mp4,1
Normal_000695.mp4,0
Crash_000695.mp4,1
Normal_000696.mp4,0
Crash_000696.mp4,1
Normal_000697.mp4,0
Crash_000697.mp4,1
Normal_000698.mp4,0
Crash_000698.mp4,1
Normal_000699.mp4,0
Crash_000699.mp4,1
Normal_000700.mp4,0
Crash_000700.mp4,1
Normal_000701.mp4,0
Crash_000701.mp4,1
Normal_000702.mp4,0
Crash_000702.mp4,1
Normal_000703.mp4,0
Crash_000703.mp4,1
Normal_000704.mp4,0
Crash_000704.mp4,1
Normal_000705.mp4,0
Crash_000705.mp4,1
Normal_000706.mp4,0
Crash_000706.mp4,1
Normal_000707.mp4,0
Crash_000707.mp4,1
Normal_000708.mp4,0
Crash_000708.mp4,1
Normal_000709.mp4,0
Crash_000709.mp4,1
Normal_000710.mp4,0
Crash_000710.mp4,1
Normal_000711.mp4,0
Crash_000711.mp4,1
Normal_000712.mp4,0
Crash_000712.mp4,1
Normal_000713.mp4,0
Crash_000713.mp4,1
Normal_000714.mp4,0
Crash_000714.mp4,1
Normal_000715.mp4,0
Crash_000715.mp4,1
Normal_000716.mp4,0
Crash_000716.mp4,1
Normal_000717.mp4,0
Crash_000717.mp4,1
Normal_000718.mp4,0
Crash_000718.mp4,1
Normal_000719.mp4,0
Crash_000719.mp4,1
Normal_000720.mp4,0
Crash_000720.mp4,1
Normal_000721.mp4,0
Crash_000721.mp4,1
Normal_000722.mp4,0
Crash_000722.mp4,1
Normal_000723.mp4,0
Crash_000723.mp4,1
Normal_000724.mp4,0
Crash_000724.mp4,1
Normal_000725.mp4,0
Crash_000725.mp4,1
Normal_000726.mp4,0
Crash_000726.mp4,1
Normal_000727.mp4,0
Crash_000727.mp4,1
Normal_000728.mp4,0
Crash_000728.mp4,1
Normal_000729.mp4,0
Crash_000729.mp4,1
Normal_000730.mp4,0
Crash_000730.mp4,1
Normal_000731.mp4,0
Crash_000731.mp4,1
Normal_000732.mp4,0
Crash_000732.mp4,1
Normal_000733.mp4,0
Crash_000733.mp4,1
Normal_000734.mp4,0
Crash_000734.mp4,1
Normal_000735.mp4,0
Crash_000735.mp4,1
Normal_000736.mp4,0
Crash_000736.mp4,1
Normal_000737.mp4,0
Crash_000737.mp4,1
Normal_000738.mp4,0
Crash_000738.mp4,1
Normal_000739.mp4,0
Crash_000739.mp4,1
Normal_000740.mp4,0
Crash_000740.mp4,1
Normal_000741.mp4,0
Crash_000741.mp4,1
Normal_000742.mp4,0
Crash_000742.mp4,1
Normal_000743.mp4,0
Crash_000743.mp4,1
Normal_000744.mp4,0
Crash_000744.mp4,1
Normal_000745.mp4,0
Crash_000745.mp4,1
Normal_000746.mp4,0
Crash_000746.mp4,1
Normal_000747.mp4,0
Crash_000747.mp4,1
Normal_000748.mp4,0
Crash_000748.mp4,1
Normal_000749.mp4,0
Crash_000749.mp4,1
Normal_000750.mp4,0
Crash_000750.mp4,1
Normal_000751.mp4,0
Crash_000751.mp4,1
Normal_000752.mp4,0
Crash_000752.mp4,1
Normal_000753.mp4,0
Crash_000753.mp4,1
Normal_000754.mp4,0
Crash_000754.mp4,1
Normal_000755.mp4,0
Crash_000755.mp4,1
Normal_000756.mp4,0
Crash_000756.mp4,1
Normal_000757.mp4,0
Crash_000757.mp4,1
Normal_000758.mp4,0
Crash_000758.mp4,1
Normal_000759.mp4,0
Crash_000759.mp4,1
Normal_000760.mp4,0
Crash_000760.mp4,1
Normal_000761.mp4,0
Crash_000761.mp4,1
Normal_000762.mp4,0
Crash_000762.mp4,1
Normal_000763.mp4,0
Crash_000763.mp4,1
Normal_000764.mp4,0
Crash_000764.mp4,1
Normal_000765.mp4,0
Crash_000765.mp4,1
Normal_000766.mp4,0
Crash_000766.mp4,1
Normal_000767.mp4,0
Crash_000767.mp4,1
Normal_000768.mp4,0
Crash_000768.mp4,1
Normal_000769.mp4,0
Crash_000769.mp4,1
Normal_000770.mp4,0
Crash_000770.mp4,1
Normal_000771.mp4,0
Crash_000771.mp4,1
Normal_000772.mp4,0
Crash_000772.mp4,1
Normal_000773.mp4,0
Crash_000773.mp4,1
Normal_000774.mp4,0
Crash_000774.mp4,1
Normal_000775.mp4,0
Crash_000775.mp4,1
Normal_000776.mp4,0
Crash_000776.mp4,1
Normal_000777.mp4,0
Crash_000777.mp4,1
Normal_000778.mp4,0
Crash_000778.mp4,1
Normal_000779.mp4,0
Crash_000779.mp4,1
Normal_000780.mp4,0
Crash_000780.mp4,1
Normal_000781.mp4,0
Crash_000781.mp4,1
Normal_000782.mp4,0
Crash_000782.mp4,1
Normal_000783.mp4,0
Crash_000783.mp4,1
Normal_000784.mp4,0
Crash_000784.mp4,1
Normal_000785.mp4,0
Crash_000785.mp4,1
Normal_000786.mp4,0
Crash_000786.mp4,1
Normal_000787.mp4,0
Crash_000787.mp4,1
Normal_000788.mp4,0
Crash_000788.mp4,1
Normal_000789.mp4,0
Crash_000789.mp4,1
Normal_000790.mp4,0
Crash_000790.mp4,1
Normal_000791.mp4,0
Crash_000791.mp4,1
Normal_000792.mp4,0
Crash_000792.mp4,1
Normal_000793.mp4,0
Crash_000793.mp4,1
Normal_000794.mp4,0
Crash_000794.mp4,1
Normal_000795.mp4,0
Crash_000795.mp4,1
Normal_000796.mp4,0
Crash_000796.mp4,1
Normal_000797.mp4,0
Crash_000797.mp4,1
Normal_000798.mp4,0
Crash_000798.mp4,1
Normal_000799.mp4,0
Crash_000799.mp4,1
Normal_000800.mp4,0
Crash_000800.mp4,1
Normal_000801.mp4,0
Crash_000801.mp4,1
Normal_000802.mp4,0
Crash_000802.mp4,1
Normal_000803.mp4,0
Crash_000803.mp4,1
Normal_000804.mp4,0
Crash_000804.mp4,1
Normal_000805.mp4,0
Crash_000805.mp4,1
Normal_000806.mp4,0
Crash_000806.mp4,1
Normal_000807.mp4,0
Crash_000807.mp4,1
Normal_000808.mp4,0
Crash_000808.mp4,1
Normal_000809.mp4,0
Crash_000809.mp4,1
Normal_000810.mp4,0
Crash_000810.mp4,1
Normal_000811.mp4,0
Crash_000811.mp4,1
Normal_000812.mp4,0
Crash_000812.mp4,1
Normal_000813.mp4,0
Crash_000813.mp4,1
Normal_000814.mp4,0
Crash_000814.mp4,1
Normal_000815.mp4,0
Crash_000815.mp4,1
Normal_000816.mp4,0
Crash_000816.mp4,1
Normal_000817.mp4,0
Crash_000817.mp4,1
Normal_000818.mp4,0
Crash_000818.mp4,1
Normal_000819.mp4,0
Crash_000819.mp4,1
Normal_000820.mp4,0
Crash_000820.mp4,1
Normal_000821.mp4,0
Crash_000821.mp4,1
Normal_000822.mp4,0
Crash_000822.mp4,1
Normal_000823.mp4,0
Crash_000823.mp4,1
Normal_000824.mp4,0
Crash_000824.mp4,1
Normal_000825.mp4,0
Crash_000825.mp4,1
Normal_000826.mp4,0
Crash_000826.mp4,1
Normal_000827.mp4,0
Crash_000827.mp4,1
Normal_000828.mp4,0
Crash_000828.mp4,1
Normal_000829.mp4,0
Crash_000829.mp4,1
Normal_000830.mp4,0
Crash_000830.mp4,1
Normal_000831.mp4,0
Crash_000831.mp4,1
Normal_000832.mp4,0
Crash_000832.mp4,1
Normal_000833.mp4,0
Crash_000833.mp4,1
Normal_000834.mp4,0
Crash_000834.mp4,1
Normal_000835.mp4,0
Crash_000835.mp4,1
Normal_000836.mp4,0
Crash_000836.mp4,1
Normal_000837.mp4,0
Crash_000837.mp4,1
Normal_000838.mp4,0
Crash_000838.mp4,1
Normal_000839.mp4,0
Crash_000839.mp4,1
Normal_000840.mp4,0
Crash_000840.mp4,1
Normal_000841.mp4,0
Crash_000841.mp4,1
Normal_000842.mp4,0
Crash_000842.mp4,1
Normal_000843.mp4,0
Crash_000843.mp4,1
Normal_000844.mp4,0
Crash_000844.mp4,1
Normal_000845.mp4,0
Crash_000845.mp4,1
Normal_000846.mp4,0
Crash_000846.mp4,1
Normal_000847.mp4,0
Crash_000847.mp4,1
Normal_000848.mp4,0
Crash_000848.mp4,1
Normal_000849.mp4,0
Crash_000849.mp4,1
Normal_000850.mp4,0
Crash_000850.mp4,1
Normal_000851.mp4,0
Crash_000851.mp4,1
Normal_000852.mp4,0
Crash_000852.mp4,1
Normal_000853.mp4,0
Crash_000853.mp4,1
Normal_000854.mp4,0
Crash_000854.mp4,1
Normal_000855.mp4,0
Crash_000855.mp4,1
Normal_000856.mp4,0
Crash_000856.mp4,1
Normal_000857.mp4,0
Crash_000857.mp4,1
Normal_000858.mp4,0
Crash_000858.mp4,1
Normal_000859.mp4,0
Crash_000859.mp4,1
Normal_000860.mp4,0
Crash_000860.mp4,1
Normal_000861.mp4,0
Crash_000861.mp4,1
Normal_000862.mp4,0
Crash_000862.mp4,1
Normal_000863.mp4,0
Crash_000863.mp4,1
Normal_000864.mp4,0
Crash_000864.mp4,1
Normal_000865.mp4,0
Crash_000865.mp4,1
Normal_000866.mp4,0
Crash_000866.mp4,1
Normal_000867.mp4,0
Crash_000867.mp4,1
Normal_000868.mp4,0
Crash_000868.mp4,1
Normal_000869.mp4,0
Crash_000869.mp4,1
Normal_000870.mp4,0
Crash_000870.mp4,1
Normal_000871.mp4,0
Crash_000871.mp4,1
Normal_000872.mp4,0
Crash_000872.mp4,1
Normal_000873.mp4,0
Crash_000873.mp4,1
Normal_000874.mp4,0
Crash_000874.mp4,1
Normal_000875.mp4,0
Crash_000875.mp4,1
Normal_000876.mp4,0
Crash_000876.mp4,1
Normal_000877.mp4,0
Crash_000877.mp4,1
Normal_000878.mp4,0
Crash_000878.mp4,1
Normal_000879.mp4,0
Crash_000879.mp4,1
Normal_000880.mp4,0
Crash_000880.mp4,1
Normal_000881.mp4,0
Crash_000881.mp4,1
Normal_000882.mp4,0
Crash_000882.mp4,1
Normal_000883.mp4,0
Crash_000883.mp4,1
Normal_000884.mp4,0
Crash_000884.mp4,1
Normal_000885.mp4,0
Crash_000885.mp4,1
Normal_000886.mp4,0
Crash_000886.mp4,1
Normal_000887.mp4,0
Crash_000887.mp4,1
Normal_000888.mp4,0
Crash_000888.mp4,1
Normal_000889.mp4,0
Crash_000889.mp4,1
Normal_000890.mp4,0
Crash_000890.mp4,1
Normal_000891.mp4,0
Crash_000891.mp4,1
Normal_000892.mp4,0
Crash_000892.mp4,1
Normal_000893.mp4,0
Crash_000893.mp4,1
Normal_000894.mp4,0
Crash_000894.mp4,1
Normal_000895.mp4,0
Crash_000895.mp4,1
Normal_000896.mp4,0
Crash_000896.mp4,1
Normal_000897.mp4,0
Crash_000897.mp4,1
Normal_000898.mp4,0
Crash_000898.mp4,1
Normal_000899.mp4,0
Crash_000899.mp4,1
Normal_000900.mp4,0
Crash_000900.mp4,1
Normal_000901.mp4,0
Crash_000901.mp4,1
Normal_000902.mp4,0
Crash_000902.mp4,1
Normal_000903.mp4,0
Crash_000903.mp4,1
Normal_000904.mp4,0
Crash_000904.mp4,1
Normal_000905.mp4,0
Crash_000905.mp4,1
Normal_000906.mp4,0
Crash_000906.mp4,1
Normal_000907.mp4,0
Crash_000907.mp4,1
Normal_000908.mp4,0
Crash_000908.mp4,1
Normal_000909.mp4,0
Crash_000909.mp4,1
Normal_000910.mp4,0
Crash_000910.mp4,1
Normal_000911.mp4,0
Crash_000911.mp4,1
Normal_000912.mp4,0
Crash_000912.mp4,1
Normal_000913.mp4,0
Crash_000913.mp4,1
Normal_000914.mp4,0
Crash_000914.mp4,1
Normal_000915.mp4,0
Crash_000915.mp4,1
Normal_000916.mp4,0
Crash_000916.mp4,1
Normal_000917.mp4,0
Crash_000917.mp4,1
Normal_000918.mp4,0
Crash_000918.mp4,1
Normal_000919.mp4,0
Crash_000919.mp4,1
Normal_000920.mp4,0
Crash_000920.mp4,1
Normal_000921.mp4,0
Crash_000921.mp4,1
Normal_000922.mp4,0
Crash_000922.mp4,1
Normal_000923.mp4,0
Crash_000923.mp4,1
Normal_000924.mp4,0
Crash_000924.mp4,1
Normal_000925.mp4,0
Crash_000925.mp4,1
Normal_000926.mp4,0
Crash_000926.mp4,1
Normal_000927.mp4,0
Crash_000927.mp4,1
Normal_000928.mp4,0
Crash_000928.mp4,1
Normal_000929.mp4,0
Crash_000929.mp4,1
Normal_000930.mp4,0
Crash_000930.mp4,1
Normal_000931.mp4,0
Crash_000931.mp4,1
Normal_000932.mp4,0
Crash_000932.mp4,1
Normal_000933.mp4,0
Crash_000933.mp4,1
Normal_000934.mp4,0
Crash_000934.mp4,1
Normal_000935.mp4,0
Crash_000935.mp4,1
Normal_000936.mp4,0
Crash_000936.mp4,1
Normal_000937.mp4,0
Crash_000937.mp4,1
Normal_000938.mp4,0
Crash_000938.mp4,1
Normal_000939.mp4,0
Crash_000939.mp4,1
Normal_000940.mp4,0
Crash_000940.mp4,1
Normal_000941.mp4,0
Crash_000941.mp4,1
Normal_000942.mp4,0
Crash_000942.mp4,1
Normal_000943.mp4,0
Crash_000943.mp4,1
Normal_000944.mp4,0
Crash_000944.mp4,1
Normal_000945.mp4,0
Crash_000945.mp4,1
Normal_000946.mp4,0
Crash_000946.mp4,1
Normal_000947.mp4,0
Crash_000947.mp4,1
Normal_000948.mp4,0
Crash_000948.mp4,1
Normal_000949.mp4,0
Crash_000949.mp4,1
Normal_000950.mp4,0
Crash_000950.mp4,1
Normal_000951.mp4,0
Crash_000951.mp4,1
Normal_000952.mp4,0
Crash_000952.mp4,1
Normal_000953.mp4,0
Crash_000953.mp4,1
Normal_000954.mp4,0
Crash_000954.mp4,1
Normal_000955.mp4,0
Crash_000955.mp4,1
Normal_000956.mp4,0
Crash_000956.mp4,1
Normal_000957.mp4,0
Crash_000957.mp4,1
Normal_000958.mp4,0
Crash_000958.mp4,1
Normal_000959.mp4,0
Crash_000959.mp4,1
Normal_000960.mp4,0
Crash_000960.mp4,1
Normal_000961.mp4,0
Crash_000961.mp4,1
Normal_000962.mp4,0
Crash_000962.mp4,1
Normal_000963.mp4,0
Crash_000963.mp4,1
Normal_000964.mp4,0
Crash_000964.mp4,1
Normal_000965.mp4,0
Crash_000965.mp4,1
Normal_000966.mp4,0
Crash_000966.mp4,1
Normal_000967.mp4,0
Crash_000967.mp4,1
Normal_000968.mp4,0
Crash_000968.mp4,1
Normal_000969.mp4,0
Crash_000969.mp4,1
Normal_000970.mp4,0
Crash_000970.mp4,1
Normal_000971.mp4,0
Crash_000971.mp4,1
Normal_000972.mp4,0
Crash_000972.mp4,1
Normal_000973.mp4,0
Crash_000973.mp4,1
Normal_000974.mp4,0
Crash_000974.mp4,1
Normal_000975.mp4,0
Crash_000975.mp4,1
Normal_000976.mp4,0
Crash_000976.mp4,1
Normal_000977.mp4,0
Crash_000977.mp4,1
Normal_000978.mp4,0
Crash_000978.mp4,1
Normal_000979.mp4,0
Crash_000979.mp4,1
Normal_000980.mp4,0
Crash_000980.mp4,1
Normal_000981.mp4,0
Crash_000981.mp4,1
Normal_000982.mp4,0
Crash_000982.mp4,1
Normal_000983.mp4,0
Crash_000983.mp4,1
Normal_000984.mp4,0
Crash_000984.mp4,1
Normal_000985.mp4,0
Crash_000985.mp4,1
Normal_000986.mp4,0
Crash_000986.mp4,1
Normal_000987.mp4,0
Crash_000987.mp4,1
Normal_000988.mp4,0
Crash_000988.mp4,1
Normal_000989.mp4,0
Crash_000989.mp4,1
Normal_000990.mp4,0
Crash_000990.mp4,1
Normal_000991.mp4,0
Crash_000991.mp4,1
Normal_000992.mp4,0
Crash_000992.mp4,1
Normal_000993.mp4,0
Crash_000993.mp4,1
Normal_000994.mp4,0
Crash_000994.mp4,1
Normal_000995.mp4,0
Crash_000995.mp4,1
Normal_000996.mp4,0
Crash_000996.mp4,1
Normal_000997.mp4,0
Crash_000997.mp4,1
Normal_000998.mp4,0
Crash_000998.mp4,1
Normal_000999.mp4,0
Crash_000999.mp4,1
Normal_001000.mp4,0
Crash_001000.mp4,1
Normal_001001.mp4,0
Crash_001001.mp4,1
Normal_001002.mp4,0
Crash_001002.mp4,1
Normal_001003.mp4,0
Crash_001003.mp4,1
Normal_001004.mp4,0
Crash_001004.mp4,1
Normal_001005.mp4,0
Crash_001005.mp4,1
Normal_001006.mp4,0
Crash_001006.mp4,1
Normal_001007.mp4,0
Crash_001007.mp4,1
Normal_001008.mp4,0
Crash_001008.mp4,1
Normal_001009.mp4,0
Crash_001009.mp4,1
Normal_001010.mp4,0
Crash_001010.mp4,1
Normal_001011.mp4,0
Crash_001011.mp4,1
Normal_001012.mp4,0
Crash_001012.mp4,1
Normal_001013.mp4,0
Crash_001013.mp4,1
Normal_001014.mp4,0
Crash_001014.mp4,1
Normal_001015.mp4,0
Crash_001015.mp4,1
Normal_001016.mp4,0
Crash_001016.mp4,1
Normal_001017.mp4,0
Crash_001017.mp4,1
Normal_001018.mp4,0
Crash_001018.mp4,1
Normal_001019.mp4,0
Crash_001019.mp4,1
Normal_001020.mp4,0
Crash_001020.mp4,1
Normal_001021.mp4,0
Crash_001021.mp4,1
Normal_001022.mp4,0
Crash_001022.mp4,1
Normal_001023.mp4,0
Crash_001023.mp4,1
Normal_001024.mp4,0
Crash_001024.mp4,1
Normal_001025.mp4,0
Crash_001025.mp4,1
Normal_001026.mp4,0
Crash_001026.mp4,1
Normal_001027.mp4,0
Crash_001027.mp4,1
Normal_001028.mp4,0
Crash_001028.mp4,1
Normal_001029.mp4,0
Crash_001029.mp4,1
Normal_001030.mp4,0
Crash_001030.mp4,1
Normal_001031.mp4,0
Crash_001031.mp4,1
Normal_001032.mp4,0
Crash_001032.mp4,1
Normal_001033.mp4,0
Crash_001033.mp4,1
Normal_001034.mp4,0
Crash_001034.mp4,1
Normal_001035.mp4,0
Crash_001035.mp4,1
Normal_001036.mp4,0
Crash_001036.mp4,1
Normal_001037.mp4,0
Crash_001037.mp4,1
Normal_001038.mp4,0
Crash_001038.mp4,1
Normal_001039.mp4,0
Crash_001039.mp4,1
Normal_001040.mp4,0
Crash_001040.mp4,1
Normal_001041.mp4,0
Crash_001041.mp4,1
Normal_001042.mp4,0
Crash_001042.mp4,1
Normal_001043.mp4,0
Crash_001043.mp4,1
Normal_001044.mp4,0
Crash_001044.mp4,1
Normal_001045.mp4,0
Crash_001045.mp4,1
Normal_001046.mp4,0
Crash_001046.mp4,1
Normal_001047.mp4,0
Crash_001047.mp4,1
Normal_001048.mp4,0
Crash_001048.mp4,1
Normal_001049.mp4,0
Crash_001049.mp4,1
Normal_001050.mp4,0
Crash_001050.mp4,1
Normal_001051.mp4,0
Crash_001051.mp4,1
Normal_001052.mp4,0
Crash_001052.mp4,1
Normal_001053.mp4,0
Crash_001053.mp4,1
Normal_001054.mp4,0
Crash_001054.mp4,1
Normal_001055.mp4,0
Crash_001055.mp4,1
Normal_001056.mp4,0
Crash_001056.mp4,1
Normal_001057.mp4,0
Crash_001057.mp4,1
Normal_001058.mp4,0
Crash_001058.mp4,1
Normal_001059.mp4,0
Crash_001059.mp4,1
Normal_001060.mp4,0
Crash_001060.mp4,1
Normal_001061.mp4,0
Crash_001061.mp4,1
Normal_001062.mp4,0
Crash_001062.mp4,1
Normal_001063.mp4,0
Crash_001063.mp4,1
Normal_001064.mp4,0
Crash_001064.mp4,1
Normal_001065.mp4,0
Crash_001065.mp4,1
Normal_001066.mp4,0
Crash_001066.mp4,1
Normal_001067.mp4,0
Crash_001067.mp4,1
Normal_001068.mp4,0
Crash_001068.mp4,1
Normal_001069.mp4,0
Crash_001069.mp4,1
Normal_001070.mp4,0
Crash_001070.mp4,1
Normal_001071.mp4,0
Crash_001071.mp4,1
Normal_001072.mp4,0
Crash_001072.mp4,1
Normal_001073.mp4,0
Crash_001073.mp4,1
Normal_001074.mp4,0
Crash_001074.mp4,1
Normal_001075.mp4,0
Crash_001075.mp4,1
Normal_001076.mp4,0
Crash_001076.mp4,1
Normal_001077.mp4,0
Crash_001077.mp4,1
Normal_001078.mp4,0
Crash_001078.mp4,1
Normal_001079.mp4,0
Crash_001079.mp4,1
Normal_001080.mp4,0
Crash_001080.mp4,1
Normal_001081.mp4,0
Crash_001081.mp4,1
Normal_001082.mp4,0
Crash_001082.mp4,1
Normal_001083.mp4,0
Crash_001083.mp4,1
Normal_001084.mp4,0
Crash_001084.mp4,1
Normal_001085.mp4,0
Crash_001085.mp4,1
Normal_001086.mp4,0
Crash_001086.mp4,1
Normal_001087.mp4,0
Crash_001087.mp4,1
Normal_001088.mp4,0
Crash_001088.mp4,1
Normal_001089.mp4,0
Crash_001089.mp4,1
Normal_001090.mp4,0
Crash_001090.mp4,1
Normal_001091.mp4,0
Crash_001091.mp4,1
Normal_001092.mp4,0
Crash_001092.mp4,1
Normal_001093.mp4,0
Crash_001093.mp4,1
Normal_001094.mp4,0
Crash_001094.mp4,1
Normal_001095.mp4,0
Crash_001095.mp4,1
Normal_001096.mp4,0
Crash_001096.mp4,1
Normal_001097.mp4,0
Crash_001097.mp4,1
Normal_001098.mp4,0
Crash_001098.mp4,1
Normal_001099.mp4,0
Crash_001099.mp4,1
Normal_001100.mp4,0
Crash_001100.mp4,1
Normal_001101.mp4,0
Crash_001101.mp4,1
Normal_001102.mp4,0
Crash_001102.mp4,1
Normal_001103.mp4,0
Crash_001103.mp4,1
Normal_001104.mp4,0
Crash_001104.mp4,1
Normal_001105.mp4,0
Crash_001105.mp4,1
Normal_001106.mp4,0
Crash_001106.mp4,1
Normal_001107.mp4,0
Crash_001107.mp4,1
Normal_001108.mp4,0
Crash_001108.mp4,1
Normal_001109.mp4,0
Crash_001109.mp4,1
Normal_001110.mp4,0
Crash_001110.mp4,1
Normal_001111.mp4,0
Crash_001111.mp4,1
Normal_001112.mp4,0
Crash_001112.mp4,1
Normal_001113.mp4,0
Crash_001113.mp4,1
Normal_001114.mp4,0
Crash_001114.mp4,1
Normal_001115.mp4,0
Crash_001115.mp4,1
Normal_001116.mp4,0
Crash_001116.mp4,1
Normal_001117.mp4,0
Crash_001117.mp4,1
Normal_001118.mp4,0
Crash_001118.mp4,1
Normal_001119.mp4,0
Crash_001119.mp4,1
Normal_001120.mp4,0
Crash_001120.mp4,1
Normal_001121.mp4,0
Crash_001121.mp4,1
Normal_001122.mp4,0
Crash_001122.mp4,1
Normal_001123.mp4,0
Crash_001123.mp4,1
Normal_001124.mp4,0
Crash_001124.mp4,1
Normal_001125.mp4,0
Crash_001125.mp4,1
Normal_001126.mp4,0
Crash_001126.mp4,1
Normal_001127.mp4,0
Crash_001127.mp4,1
Normal_001128.mp4,0
Crash_001128.mp4,1
Normal_001129.mp4,0
Crash_001129.mp4,1
Normal_001130.mp4,0
Crash_001130.mp4,1
Normal_001131.mp4,0
Crash_001131.mp4,1
Normal_001132.mp4,0
Crash_001132.mp4,1
Normal_001133.mp4,0
Crash_001133.mp4,1
Normal_001134.mp4,0
Crash_001134.mp4,1
Normal_001135.mp4,0
Crash_001135.mp4,1
Normal_001136.mp4,0
Crash_001136.mp4,1
Normal_001137.mp4,0
Crash_001137.mp4,1
Normal_001138.mp4,0
Crash_001138.mp4,1
Normal_001139.mp4,0
Crash_001139.mp4,1
Normal_001140.mp4,0
Crash_001140.mp4,1
Normal_001141.mp4,0
Crash_001141.mp4,1
Normal_001142.mp4,0
Crash_001142.mp4,1
Normal_001143.mp4,0
Crash_001143.mp4,1
Normal_001144.mp4,0
Crash_001144.mp4,1
Normal_001145.mp4,0
Crash_001145.mp4,1
Normal_001146.mp4,0
Crash_001146.mp4,1
Normal_001147.mp4,0
Crash_001147.mp4,1
Normal_001148.mp4,0
Crash_001148.mp4,1
Normal_001149.mp4,0
Crash_001149.mp4,1
Normal_001150.mp4,0
Crash_001150.mp4,1
Normal_001151.mp4,0
Crash_001151.mp4,1
Normal_001152.mp4,0
Crash_001152.mp4,1
Normal_001153.mp4,0
Crash_001153.mp4,1
Normal_001154.mp4,0
Crash_001154.mp4,1
Normal_001155.mp4,0
Crash_001155.mp4,1
Normal_001156.mp4,0
Crash_001156.mp4,1
Normal_001157.mp4,0
Crash_001157.mp4,1
Normal_001158.mp4,0
Crash_001158.mp4,1
Normal_001159.mp4,0
Crash_001159.mp4,1
Normal_001160.mp4,0
Crash_001160.mp4,1
Normal_001161.mp4,0
Crash_001161.mp4,1
Normal_001162.mp4,0
Crash_001162.mp4,1
Normal_001163.mp4,0
Crash_001163.mp4,1
Normal_001164.mp4,0
Crash_001164.mp4,1
Normal_001165.mp4,0
Crash_001165.mp4,1
Normal_001166.mp4,0
Crash_001166.mp4,1
Normal_001167.mp4,0
Crash_001167.mp4,1
Normal_001168.mp4,0
Crash_001168.mp4,1
Normal_001169.mp4,0
Crash_001169.mp4,1
Normal_001170.mp4,0
Crash_001170.mp4,1
Normal_001171.mp4,0
Crash_001171.mp4,1
Normal_001172.mp4,0
Crash_001172.mp4,1
Normal_001173.mp4,0
Crash_001173.mp4,1
Normal_001174.mp4,0
Crash_001174.mp4,1
Normal_001175.mp4,0
Crash_001175.mp4,1
Normal_001176.mp4,0
Crash_001176.mp4,1
Normal_001177.mp4,0
Crash_001177.mp4,1
Normal_001178.mp4,0
Crash_001178.mp4,1
Normal_001179.mp4,0
Crash_001179.mp4,1
Normal_001180.mp4,0
Crash_001180.mp4,1
Normal_001181.mp4,0
Crash_001181.mp4,1
Normal_001182.mp4,0
Crash_001182.mp4,1
Normal_001183.mp4,0
Crash_001183.mp4,1
Normal_001184.mp4,0
Crash_001184.mp4,1
Normal_001185.mp4,0
Crash_001185.mp4,1
Normal_001186.mp4,0
Crash_001186.mp4,1
Normal_001187.mp4,0
Crash_001187.mp4,1
Normal_001188.mp4,0
Crash_001188.mp4,1
Normal_001189.mp4,0
Crash_001189.mp4,1
Normal_001190.mp4,0
Crash_001190.mp4,1
Normal_001191.mp4,0
Crash_001191.mp4,1
Normal_001192.mp4,0
Crash_001192.mp4,1
Normal_001193.mp4,0
Crash_001193.mp4,1
Normal_001194.mp4,0
Crash_001194.mp4,1
Normal_001195.mp4,0
Crash_001195.mp4,1
Normal_001196.mp4,0
Crash_001196.mp4,1
Normal_001197.mp4,0
Crash_001197.mp4,1
Normal_001198.mp4,0
Crash_001198.mp4,1
Normal_001199.mp4,0
Crash_001199.mp4,1
Normal_001200.mp4,0
Crash_001200.mp4,1
Normal_001201.mp4,0
Crash_001201.mp4,1
Normal_001202.mp4,0
Crash_001202.mp4,1
Normal_001203.mp4,0
Crash_001203.mp4,1
Normal_001204.mp4,0
Crash_001204.mp4,1
Normal_001205.mp4,0
Crash_001205.mp4,1
Normal_001206.mp4,0
Crash_001206.mp4,1
Normal_001207.mp4,0
Crash_001207.mp4,1
Normal_001208.mp4,0
Crash_001208.mp4,1
Normal_001209.mp4,0
Crash_001209.mp4,1
Normal_001210.mp4,0
Crash_001210.mp4,1
Normal_001211.mp4,0
Crash_001211.mp4,1
Normal_001212.mp4,0
Crash_001212.mp4,1
Normal_001213.mp4,0
Crash_001213.mp4,1
Normal_001214.mp4,0
Crash_001214.mp4,1
Normal_001215.mp4,0
Crash_001215.mp4,1
Normal_001216.mp4,0
Crash_001216.mp4,1
Normal_001217.mp4,0
Crash_001217.mp4,1
Normal_001218.mp4,0
Crash_001218.mp4,1
Normal_001219.mp4,0
Crash_001219.mp4,1
Normal_001220.mp4,0
Crash_001220.mp4,1
Normal_001221.mp4,0
Crash_001221.mp4,1
Normal_001222.mp4,0
Crash_001222.mp4,1
Normal_001223.mp4,0
Crash_001223.mp4,1
Normal_001224.mp4,0
Crash_001224.mp4,1
Normal_001225.mp4,0
Crash_001225.mp4,1
Normal_001226.mp4,0
Crash_001226.mp4,1
Normal_001227.mp4,0
Crash_001227.mp4,1
Normal_001228.mp4,0
Crash_001228.mp4,1
Normal_001229.mp4,0
Crash_001229.mp4,1
Normal_001230.mp4,0
Crash_001230.mp4,1
Normal_001231.mp4,0
Crash_001231.mp4,1
Normal_001232.mp4,0
Crash_001232.mp4,1
Normal_001233.mp4,0
Crash_001233.mp4,1
Normal_001234.mp4,0
Crash_001234.mp4,1
Normal_001235.mp4,0
Crash_001235.mp4,1
Normal_001236.mp4,0
Crash_001236.mp4,1
Normal_001237.mp4,0
Crash_001237.mp4,1
Normal_001238.mp4,0
Crash_001238.mp4,1
Normal_001239.mp4,0
Crash_001239.mp4,1
Normal_001240.mp4,0
Crash_001240.mp4,1
Normal_001241.mp4,0
Crash_001241.mp4,1
Normal_001242.mp4,0
Crash_001242.mp4,1
Normal_001243.mp4,0
Crash_001243.mp4,1
Normal_001244.mp4,0
Crash_001244.mp4,1
Normal_001245.mp4,0
Crash_001245.mp4,1
Normal_001246.mp4,0
Crash_001246.mp4,1
Normal_001247.mp4,0
Crash_001247.mp4,1
Normal_001248.mp4,0
Crash_001248.mp4,1
Normal_001249.mp4,0
Crash_001249.mp4,1
Normal_001250.mp4,0
Crash_001250.mp4,1
Normal_001251.mp4,0
Crash_001251.mp4,1
Normal_001252.mp4,0
Crash_001252.mp4,1
Normal_001253.mp4,0
Crash_001253.mp4,1
Normal_001254.mp4,0
Crash_001254.mp4,1
Normal_001255.mp4,0
Crash_001255.mp4,1
Normal_001256.mp4,0
Crash_001256.mp4,1
Normal_001257.mp4,0
Crash_001257.mp4,1
Normal_001258.mp4,0
Crash_001258.mp4,1
Normal_001259.mp4,0
Crash_001259.mp4,1
Normal_001260.mp4,0
Crash_001260.mp4,1
Normal_001261.mp4,0
Crash_001261.mp4,1
Normal_001262.mp4,0
Crash_001262.mp4,1
Normal_001263.mp4,0
Crash_001263.mp4,1
Normal_001264.mp4,0
Crash_001264.mp4,1
Normal_001265.mp4,0
Crash_001265.mp4,1
Normal_001266.mp4,0
Crash_001266.mp4,1
Normal_001267.mp4,0
Crash_001267.mp4,1
Normal_001268.mp4,0
Crash_001268.mp4,1
Normal_001269.mp4,0
Crash_001269.mp4,1
Normal_001270.mp4,0
Crash_001270.mp4,1
Normal_001271.mp4,0
Crash_001271.mp4,1
Normal_001272.mp4,0
Crash_001272.mp4,1
Normal_001273.mp4,0
Crash_001273.mp4,1
Normal_001274.mp4,0
Crash_001274.mp4,1
Normal_001275.mp4,0
Crash_001275.mp4,1
Normal_001276.mp4,0
Crash_001276.mp4,1
Normal_001277.mp4,0
Crash_001277.mp4,1
Normal_001278.mp4,0
Crash_001278.mp4,1
Normal_001279.mp4,0
Crash_001279.mp4,1
Normal_001280.mp4,0
Crash_001280.mp4,1
Normal_001281.mp4,0
Crash_001281.mp4,1
Normal_001282.mp4,0
Crash_001282.mp4,1
Normal_001283.mp4,0
Crash_001283.mp4,1
Normal_001284.mp4,0
Crash_001284.mp4,1
Normal_001285.mp4,0
Crash_001285.mp4,1
Normal_001286.mp4,0
Crash_001286.mp4,1
Normal_001287.mp4,0
Crash_001287.mp4,1
Normal_001288.mp4,0
Crash_001288.mp4,1
Normal_001289.mp4,0
Crash_001289.mp4,1
Normal_001290.mp4,0
Crash_001290.mp4,1
Normal_001291.mp4,0
Crash_001291.mp4,1
Normal_001292.mp4,0
Crash_001292.mp4,1
Normal_001293.mp4,0
Crash_001293.mp4,1
Normal_001294.mp4,0
Crash_001294.mp4,1
Normal_001295.mp4,0
Crash_001295.mp4,1
Normal_001296.mp4,0
Crash_001296.mp4,1
Normal_001297.mp4,0
Crash_001297.mp4,1
Normal_001298.mp4,0
Crash_001298.mp4,1
Normal_001299.mp4,0
Crash_001299.mp4,1
Normal_001300.mp4,0
Crash_001300.mp4,1
Normal_001301.mp4,0
Crash_001301.mp4,1
Normal_001302.mp4,0
Crash_001302.mp4,1
Normal_001303.mp4,0
Crash_001303.mp4,1
Normal_001304.mp4,0
Crash_001304.mp4,1
Normal_001305.mp4,0
Crash_001305.mp4,1
Normal_001306.mp4,0
Crash_001306.mp4,1
Normal_001307.mp4,0
Crash_001307.mp4,1
Normal_001308.mp4,0
Crash_001308.mp4,1
Normal_001309.mp4,0
Crash_001309.mp4,1
Normal_001310.mp4,0
Crash_001310.mp4,1
Normal_001311.mp4,0
Crash_001311.mp4,1
Normal_001312.mp4,0
Crash_001312.mp4,1
Normal_001313.mp4,0
Crash_001313.mp4,1
Normal_001314.mp4,0
Crash_001314.mp4,1
Normal_001315.mp4,0
Crash_001315.mp4,1
Normal_001316.mp4,0
Crash_001316.mp4,1
Normal_001317.mp4,0
Crash_001317.mp4,1
Normal_001318.mp4,0
Crash_001318.mp4,1
Normal_001319.mp4,0
Crash_001319.mp4,1
Normal_001320.mp4,0
Crash_001320.mp4,1
Normal_001321.mp4,0
Crash_001321.mp4,1
Normal_001322.mp4,0
Crash_001322.mp4,1
Normal_001323.mp4,0
Crash_001323.mp4,1
Normal_001324.mp4,0
Crash_001324.mp4,1
Normal_001325.mp4,0
Crash_001325.mp4,1
Normal_001326.mp4,0
Crash_001326.mp4,1
Normal_001327.mp4,0
Crash_001327.mp4,1
Normal_001328.mp4,0
Crash_001328.mp4,1
Normal_001329.mp4,0
Crash_001329.mp4,1
Normal_001330.mp4,0
Crash_001330.mp4,1
Normal_001331.mp4,0
Crash_001331.mp4,1
Normal_001332.mp4,0
Crash_001332.mp4,1
Normal_001333.mp4,0
Crash_001333.mp4,1
Normal_001334.mp4,0
Crash_001334.mp4,1
Normal_001335.mp4,0
Crash_001335.mp4,1
Normal_001336.mp4,0
Crash_001336.mp4,1
Normal_001337.mp4,0
Crash_001337.mp4,1
Normal_001338.mp4,0
Crash_001338.mp4,1
Normal_001339.mp4,0
Crash_001339.mp4,1
Normal_001340.mp4,0
Crash_001340.mp4,1
Normal_001341.mp4,0
Crash_001341.mp4,1
Normal_001342.mp4,0
Crash_001342.mp4,1
Normal_001343.mp4,0
Crash_001343.mp4,1
Normal_001344.mp4,0
Crash_001344.mp4,1
Normal_001345.mp4,0
Crash_001345.mp4,1
Normal_001346.mp4,0
Crash_001346.mp4,1
Normal_001347.mp4,0
Crash_001347.mp4,1
Normal_001348.mp4,0
Crash_001348.mp4,1
Normal_001349.mp4,0
Crash_001349.mp4,1
Normal_001350.mp4,0
Crash_001350.mp4,1
Normal_001351.mp4,0
Crash_001351.mp4,1
Normal_001352.mp4,0
Crash_001352.mp4,1
Normal_001353.mp4,0
Crash_001353.mp4,1
Normal_001354.mp4,0
Crash_001354.mp4,1
Normal_001355.mp4,0
Crash_001355.mp4,1
Normal_001356.mp4,0
Crash_001356.mp4,1
Normal_001357.mp4,0
Crash_001357.mp4,1
Normal_001358.mp4,0
Crash_001358.mp4,1
Normal_001359.mp4,0
Crash_001359.mp4,1
Normal_001360.mp4,0
Crash_001360.mp4,1
Normal_001361.mp4,0
Crash_001361.mp4,1
Normal_001362.mp4,0
Crash_001362.mp4,1
Normal_001363.mp4,0
Crash_001363.mp4,1
Normal_001364.mp4,0
Crash_001364.mp4,1
Normal_001365.mp4,0
Crash_001365.mp4,1
Normal_001366.mp4,0
Crash_001366.mp4,1
Normal_001367.mp4,0
Crash_001367.mp4,1
Normal_001368.mp4,0
Crash_001368.mp4,1
Normal_001369.mp4,0
Crash_001369.mp4,1
Normal_001370.mp4,0
Crash_001370.mp4,1
Normal_001371.mp4,0
Crash_001371.mp4,1
Normal_001372.mp4,0
Crash_001372.mp4,1
Normal_001373.mp4,0
Crash_001373.mp4,1
Normal_001374.mp4,0
Crash_001374.mp4,1
Normal_001375.mp4,0
Crash_001375.mp4,1
Normal_001376.mp4,0
Crash_001376.mp4,1
Normal_001377.mp4,0
Crash_001377.mp4,1
Normal_001378.mp4,0
Crash_001378.mp4,1
Normal_001379.mp4,0
Crash_001379.mp4,1
Normal_001380.mp4,0
Crash_001380.mp4,1
Normal_001381.mp4,0
Crash_001381.mp4,1
Normal_001382.mp4,0
Crash_001382.mp4,1
Normal_001383.mp4,0
Crash_001383.mp4,1
Normal_001384.mp4,0
Crash_001384.mp4,1
Normal_001385.mp4,0
Crash_001385.mp4,1
Normal_001386.mp4,0
Crash_001386.mp4,1
Normal_001387.mp4,0
Crash_001387.mp4,1
Normal_001388.mp4,0
Crash_001388.mp4,1
Normal_001389.mp4,0
Crash_001389.mp4,1
Normal_001390.mp4,0
Crash_001390.mp4,1
Normal_001391.mp4,0
Crash_001391.mp4,1
Normal_001392.mp4,0
Crash_001392.mp4,1
Normal_001393.mp4,0
Crash_001393.mp4,1
Normal_001394.mp4,0
Crash_001394.mp4,1
Normal_001395.mp4,0
Crash_001395.mp4,1
Normal_001396.mp4,0
Crash_001396.mp4,1
Normal_001397.mp4,0
Crash_001397.mp4,1
Normal_001398.mp4,0
Crash_001398.mp4,1
Normal_001399.mp4,0
Crash_001399.mp4,1
Normal_001400.mp4,0
Crash_001400.mp4,1
Normal_001401.mp4,0
Crash_001401.mp4,1
Normal_001402.mp4,0
Crash_001402.mp4,1
Normal_001403.mp4,0
Crash_001403.mp4,1
Normal_001404.mp4,0
Crash_001404.mp4,1
Normal_001405.mp4,0
Crash_001405.mp4,1
Normal_001406.mp4,0
Crash_001406.mp4,1
Normal_001407.mp4,0
Crash_001407.mp4,1
Normal_001408.mp4,0
Crash_001408.mp4,1
Normal_001409.mp4,0
Crash_001409.mp4,1
Normal_001410.mp4,0
Crash_001410.mp4,1
Normal_001411.mp4,0
Crash_001411.mp4,1
Normal_001412.mp4,0
Crash_001412.mp4,1
Normal_001413.mp4,0
Crash_001413.mp4,1
Normal_001414.mp4,0
Crash_001414.mp4,1
Normal_001415.mp4,0
Crash_001415.mp4,1
Normal_001416.mp4,0
Crash_001416.mp4,1
Normal_001417.mp4,0
Crash_001417.mp4,1
Normal_001418.mp4,0
Crash_001418.mp4,1
Normal_001419.mp4,0
Crash_001419.mp4,1
Normal_001420.mp4,0
Crash_001420.mp4,1
Normal_001421.mp4,0
Crash_001421.mp4,1
Normal_001422.mp4,0
Crash_001422.mp4,1
Normal_001423.mp4,0
Crash_001423.mp4,1
Normal_001424.mp4,0
Crash_001424.mp4,1
Normal_001425.mp4,0
Crash_001425.mp4,1
Normal_001426.mp4,0
Crash_001426.mp4,1
Normal_001427.mp4,0
Crash_001427.mp4,1
Normal_001428.mp4,0
Crash_001428.mp4,1
Normal_001429.mp4,0
Crash_001429.mp4,1
Normal_001430.mp4,0
Crash_001430.mp4,1
Normal_001431.mp4,0
Crash_001431.mp4,1
Normal_001432.mp4,0
Crash_001432.mp4,1
Normal_001433.mp4,0
Crash_001433.mp4,1
Normal_001434.mp4,0
Crash_001434.mp4,1
Normal_001435.mp4,0
Crash_001435.mp4,1
Normal_001436.mp4,0
Crash_001436.mp4,1
Normal_001437.mp4,0
Crash_001437.mp4,1
Normal_001438.mp4,0
Crash_001438.mp4,1
Normal_001439.mp4,0
Crash_001439.mp4,1
Normal_001440.mp4,0
Crash_001440.mp4,1
Normal_001441.mp4,0
Crash_001441.mp4,1
Normal_001442.mp4,0
Crash_001442.mp4,1
Normal_001443.mp4,0
Crash_001443.mp4,1
Normal_001444.mp4,0
Crash_001444.mp4,1
Normal_001445.mp4,0
Crash_001445.mp4,1
Normal_001446.mp4,0
Crash_001446.mp4,1
Normal_001447.mp4,0
Crash_001447.mp4,1
Normal_001448.mp4,0
Crash_001448.mp4,1
Normal_001449.mp4,0
Crash_001449.mp4,1
Normal_001450.mp4,0
Crash_001450.mp4,1
Normal_001451.mp4,0
Crash_001451.mp4,1
Normal_001452.mp4,0
Crash_001452.mp4,1
Normal_001453.mp4,0
Crash_001453.mp4,1
Normal_001454.mp4,0
Crash_001454.mp4,1
Normal_001455.mp4,0
Crash_001455.mp4,1
Normal_001456.mp4,0
Crash_001456.mp4,1
Normal_001457.mp4,0
Crash_001457.mp4,1
Normal_001458.mp4,0
Crash_001458.mp4,1
Normal_001459.mp4,0
Crash_001459.mp4,1
Normal_001460.mp4,0
Crash_001460.mp4,1
Normal_001461.mp4,0
Crash_001461.mp4,1
Normal_001462.mp4,0
Crash_001462.mp4,1
Normal_001463.mp4,0
Crash_001463.mp4,1
Normal_001464.mp4,0
Crash_001464.mp4,1
Normal_001465.mp4,0
Crash_001465.mp4,1
Normal_001466.mp4,0
Crash_001466.mp4,1
Normal_001467.mp4,0
Crash_001467.mp4,1
Normal_001468.mp4,0
Crash_001468.mp4,1
Normal_001469.mp4,0
Crash_001469.mp4,1
Normal_001470.mp4,0
Crash_001470.mp4,1
Normal_001471.mp4,0
Crash_001471.mp4,1
Normal_001472.mp4,0
Crash_001472.mp4,1
Normal_001473.mp4,0
Crash_001473.mp4,1
Normal_001474.mp4,0
Crash_001474.mp4,1
Normal_001475.mp4,0
Crash_001475.mp4,1
Normal_001476.mp4,0
Crash_001476.mp4,1
Normal_001477.mp4,0
Crash_001477.mp4,1
Normal_001478.mp4,0
Crash_001478.mp4,1
Normal_001479.mp4,0
Crash_001479.mp4,1
Normal_001480.mp4,0
Crash_001480.mp4,1
Normal_001481.mp4,0
Crash_001481.mp4,1
Normal_001482.mp4,0
Crash_001482.mp4,1
Normal_001483.mp4,0
Crash_001483.mp4,1
Normal_001484.mp4,0
Crash_001484.mp4,1
Normal_001485.mp4,0
Crash_001485.mp4,1
Normal_001486.mp4,0
Crash_001486.mp4,1
Normal_001487.mp4,0
Crash_001487.mp4,1
Normal_001488.mp4,0
Crash_001488.mp4,1
Normal_001489.mp4,0
Crash_001489.mp4,1
Normal_001490.mp4,0
Crash_001490.mp4,1
Normal_001491.mp4,0
Crash_001491.mp4,1
Normal_001492.mp4,0
Crash_001492.mp4,1
Normal_001493.mp4,0
Crash_001493.mp4,1
Normal_001494.mp4,0
Crash_001494.mp4,1
Normal_001495.mp4,0
Crash_001495.mp4,1
Normal_001496.mp4,0
Crash_001496.mp4,1
Normal_001497.mp4,0
Crash_001497.mp4,1
Normal_001498.mp4,0
Crash_001498.mp4,1
Normal_001499.mp4,0
Crash_001499.mp4,1
Normal_001500.mp4,0
Crash_001500.mp4,1
